q_id,lo_id,difficulty,irt_a,irt_b,irt_c,text
Q0001,LO02,Medium,1.217,0.025,0.149,Stem for LO02 (Medium) #1
Q0002,LO27,Easy,0.934,-1.041,0.225,Stem for LO27 (Easy) #2
Q0003,LO04,Hard,1.284,0.556,0.241,Stem for LO04 (Hard) #3
Q0004,LO18,Easy,1.373,-1.173,0.069,Stem for LO18 (Easy) #4
Q0005,LO03,Hard,0.75,0.777,0.083,Stem for LO03 (Hard) #5
Q0006,LO03,Easy,1.315,-1.27,0.197,Stem for LO03 (Easy) #6
Q0007,LO08,Easy,0.539,-0.844,0.202,Stem for LO08 (Easy) #7
Q0008,LO01,Easy,0.813,-0.176,0.229,Stem for LO01 (Easy) #8
Q0009,LO24,Easy,1.021,-1.43,0.086,Stem for LO24 (Easy) #9
Q0010,LO20,Medium,0.813,0.395,0.22,Stem for LO20 (Medium) #10
Q0011,LO13,Hard,0.711,1.212,0.1,Stem for LO13 (Hard) #11
Q0012,LO10,Easy,0.74,-0.952,0.205,Stem for LO10 (Easy) #12
Q0013,LO08,Medium,1.565,-0.068,0.157,Stem for LO08 (Medium) #13
Q0014,LO25,Easy,1.002,-0.821,0.146,Stem for LO25 (Easy) #14
Q0015,LO14,Hard,1.093,1.236,0.092,Stem for LO14 (Hard) #15
Q0016,LO05,Easy,1.26,-0.915,0.114,Stem for LO05 (Easy) #16
Q0017,LO08,Medium,1.36,0.116,0.156,Stem for LO08 (Medium) #17
Q0018,LO20,Hard,1.115,-0.459,0.144,Stem for LO20 (Hard) #18
Q0019,LO06,Easy,1.143,-1.465,0.06,Stem for LO06 (Easy) #19
Q0020,LO28,Medium,1.673,-0.001,0.209,Stem for LO28 (Medium) #20
Q0021,LO11,Easy,1.039,-1.401,0.178,Stem for LO11 (Easy) #21
Q0022,LO23,Hard,0.923,0.703,0.142,Stem for LO23 (Hard) #22
Q0023,LO01,Easy,0.915,-1.042,0.129,Stem for LO01 (Easy) #23
Q0024,LO05,Medium,0.688,0.442,0.182,Stem for LO05 (Medium) #24
Q0025,LO28,Medium,1.133,0.185,0.119,Stem for LO28 (Medium) #25
Q0026,LO17,Medium,1.112,0.253,0.14,Stem for LO17 (Medium) #26
Q0027,LO06,Hard,0.909,0.807,0.11,Stem for LO06 (Hard) #27
Q0028,LO11,Medium,1.394,-0.044,0.162,Stem for LO11 (Medium) #28
Q0029,LO29,Medium,1.036,0.052,0.134,Stem for LO29 (Medium) #29
Q0030,LO06,Medium,0.876,0.254,0.075,Stem for LO06 (Medium) #30
Q0031,LO20,Easy,1.201,-1.15,0.183,Stem for LO20 (Easy) #31
Q0032,LO10,Medium,1.433,-0.2,0.222,Stem for LO10 (Medium) #32
Q0033,LO01,Easy,0.694,-0.979,0.105,Stem for LO01 (Easy) #33
Q0034,LO23,Easy,1.102,-0.874,0.091,Stem for LO23 (Easy) #34
Q0035,LO05,Medium,0.5,-0.146,0.172,Stem for LO05 (Medium) #35
Q0036,LO23,Medium,1.314,0.475,0.13,Stem for LO23 (Medium) #36
Q0037,LO08,Medium,1.146,-0.211,0.225,Stem for LO08 (Medium) #37
Q0038,LO29,Medium,1.242,0.271,0.114,Stem for LO29 (Medium) #38
Q0039,LO19,Medium,1.21,0.041,0.117,Stem for LO19 (Medium) #39
Q0040,LO25,Hard,1.163,0.618,0.246,Stem for LO25 (Hard) #40
Q0041,LO08,Medium,0.939,0.044,0.146,Stem for LO08 (Medium) #41
Q0042,LO19,Easy,1.045,-0.836,0.102,Stem for LO19 (Easy) #42
Q0043,LO14,Medium,0.954,0.582,0.213,Stem for LO14 (Medium) #43
Q0044,LO09,Easy,0.982,-1.429,0.21,Stem for LO09 (Easy) #44
Q0045,LO26,Hard,0.977,0.921,0.073,Stem for LO26 (Hard) #45
Q0046,LO04,Hard,0.726,1.091,0.135,Stem for LO04 (Hard) #46
Q0047,LO12,Medium,0.824,0.574,0.064,Stem for LO12 (Medium) #47
Q0048,LO29,Medium,1.019,0.044,0.183,Stem for LO29 (Medium) #48
Q0049,LO05,Easy,0.537,-0.739,0.135,Stem for LO05 (Easy) #49
Q0050,LO16,Medium,1.238,0.072,0.248,Stem for LO16 (Medium) #50
Q0051,LO17,Hard,0.98,1.632,0.196,Stem for LO17 (Hard) #51
Q0052,LO04,Medium,1.339,0.246,0.06,Stem for LO04 (Medium) #52
Q0053,LO30,Medium,0.671,0.28,0.216,Stem for LO30 (Medium) #53
Q0054,LO28,Medium,1.252,0.595,0.21,Stem for LO28 (Medium) #54
Q0055,LO25,Medium,0.928,0.041,0.226,Stem for LO25 (Medium) #55
Q0056,LO28,Easy,1.106,-1.395,0.061,Stem for LO28 (Easy) #56
Q0057,LO03,Easy,0.775,-1.094,0.057,Stem for LO03 (Easy) #57
Q0058,LO11,Hard,0.97,0.902,0.222,Stem for LO11 (Hard) #58
Q0059,LO20,Hard,0.921,0.726,0.069,Stem for LO20 (Hard) #59
Q0060,LO13,Medium,1.019,0.015,0.151,Stem for LO13 (Medium) #60
Q0061,LO12,Medium,1.516,-0.928,0.094,Stem for LO12 (Medium) #61
Q0062,LO19,Medium,1.207,0.189,0.085,Stem for LO19 (Medium) #62
Q0063,LO07,Easy,1.309,-0.926,0.248,Stem for LO07 (Easy) #63
Q0064,LO26,Medium,1.209,0.044,0.225,Stem for LO26 (Medium) #64
Q0065,LO05,Hard,0.5,0.433,0.094,Stem for LO05 (Hard) #65
Q0066,LO15,Easy,0.548,-1.394,0.16,Stem for LO15 (Easy) #66
Q0067,LO20,Hard,1.541,0.835,0.06,Stem for LO20 (Hard) #67
Q0068,LO28,Medium,0.965,-0.399,0.202,Stem for LO28 (Medium) #68
Q0069,LO19,Hard,0.771,1.059,0.104,Stem for LO19 (Hard) #69
Q0070,LO04,Medium,1.256,-0.32,0.063,Stem for LO04 (Medium) #70
Q0071,LO16,Easy,0.587,-1.126,0.179,Stem for LO16 (Easy) #71
Q0072,LO24,Hard,1.46,1.403,0.237,Stem for LO24 (Hard) #72
Q0073,LO06,Easy,1.58,-0.216,0.089,Stem for LO06 (Easy) #73
Q0074,LO10,Easy,0.683,-1.529,0.135,Stem for LO10 (Easy) #74
Q0075,LO21,Easy,0.969,-1.26,0.114,Stem for LO21 (Easy) #75
Q0076,LO11,Easy,1.684,-0.881,0.172,Stem for LO11 (Easy) #76
Q0077,LO11,Easy,0.944,-1.285,0.07,Stem for LO11 (Easy) #77
Q0078,LO23,Easy,0.5,-1.478,0.22,Stem for LO23 (Easy) #78
Q0079,LO04,Medium,1.387,0.164,0.249,Stem for LO04 (Medium) #79
Q0080,LO14,Medium,1.219,-0.231,0.165,Stem for LO14 (Medium) #80
Q0081,LO02,Hard,0.835,0.551,0.15,Stem for LO02 (Hard) #81
Q0082,LO16,Hard,1.026,1.131,0.167,Stem for LO16 (Hard) #82
Q0083,LO15,Easy,1.171,-0.753,0.071,Stem for LO15 (Easy) #83
Q0084,LO24,Medium,1.505,-0.212,0.136,Stem for LO24 (Medium) #84
Q0085,LO26,Medium,0.876,-0.723,0.128,Stem for LO26 (Medium) #85
Q0086,LO24,Medium,1.455,-0.319,0.182,Stem for LO24 (Medium) #86
Q0087,LO10,Medium,0.811,0.31,0.126,Stem for LO10 (Medium) #87
Q0088,LO16,Easy,1.3,-0.961,0.093,Stem for LO16 (Easy) #88
Q0089,LO03,Medium,0.985,-0.046,0.215,Stem for LO03 (Medium) #89
Q0090,LO30,Medium,1.178,0.615,0.239,Stem for LO30 (Medium) #90
Q0091,LO28,Medium,1.112,-0.249,0.051,Stem for LO28 (Medium) #91
Q0092,LO19,Medium,1.109,-0.087,0.199,Stem for LO19 (Medium) #92
Q0093,LO02,Hard,0.5,1.318,0.051,Stem for LO02 (Hard) #93
Q0094,LO18,Medium,0.993,0.801,0.163,Stem for LO18 (Medium) #94
Q0095,LO24,Easy,0.868,-1.158,0.149,Stem for LO24 (Easy) #95
Q0096,LO07,Hard,0.527,0.735,0.088,Stem for LO07 (Hard) #96
Q0097,LO17,Medium,1.016,-0.834,0.212,Stem for LO17 (Medium) #97
Q0098,LO16,Medium,0.5,-0.399,0.135,Stem for LO16 (Medium) #98
Q0099,LO15,Medium,0.896,-0.472,0.209,Stem for LO15 (Medium) #99
Q0100,LO07,Easy,1.17,-0.266,0.055,Stem for LO07 (Easy) #100
Q0101,LO26,Medium,0.554,0.476,0.083,Stem for LO26 (Medium) #101
Q0102,LO19,Medium,0.531,0.092,0.142,Stem for LO19 (Medium) #102
Q0103,LO21,Medium,0.523,-0.05,0.088,Stem for LO21 (Medium) #103
Q0104,LO15,Easy,1.263,-0.892,0.212,Stem for LO15 (Easy) #104
Q0105,LO11,Hard,1.141,1.263,0.224,Stem for LO11 (Hard) #105
Q0106,LO27,Medium,1.128,0.176,0.157,Stem for LO27 (Medium) #106
Q0107,LO20,Hard,1.693,1.131,0.191,Stem for LO20 (Hard) #107
Q0108,LO17,Hard,0.924,1.225,0.217,Stem for LO17 (Hard) #108
Q0109,LO10,Easy,1.217,-0.235,0.081,Stem for LO10 (Easy) #109
Q0110,LO22,Hard,0.877,0.898,0.139,Stem for LO22 (Hard) #110
Q0111,LO17,Easy,0.5,-0.655,0.088,Stem for LO17 (Easy) #111
Q0112,LO16,Hard,1.399,1.498,0.192,Stem for LO16 (Hard) #112
Q0113,LO09,Hard,1.249,1.162,0.239,Stem for LO09 (Hard) #113
Q0114,LO19,Medium,1.167,0.071,0.23,Stem for LO19 (Medium) #114
Q0115,LO04,Hard,1.368,-0.147,0.141,Stem for LO04 (Hard) #115
Q0116,LO26,Medium,1.028,0.5,0.065,Stem for LO26 (Medium) #116
Q0117,LO12,Medium,0.725,-0.269,0.172,Stem for LO12 (Medium) #117
Q0118,LO03,Easy,0.5,-0.255,0.094,Stem for LO03 (Easy) #118
Q0119,LO02,Medium,1.173,-0.564,0.097,Stem for LO02 (Medium) #119
Q0120,LO17,Easy,0.853,-1.232,0.164,Stem for LO17 (Easy) #120
Q0121,LO02,Hard,1.196,0.996,0.09,Stem for LO02 (Hard) #121
Q0122,LO16,Medium,0.53,0.504,0.12,Stem for LO16 (Medium) #122
Q0123,LO25,Easy,1.669,-0.602,0.239,Stem for LO25 (Easy) #123
Q0124,LO26,Medium,0.937,0.156,0.114,Stem for LO26 (Medium) #124
Q0125,LO12,Medium,0.727,0.33,0.096,Stem for LO12 (Medium) #125
Q0126,LO24,Easy,0.919,-1.372,0.071,Stem for LO24 (Easy) #126
Q0127,LO22,Medium,1.071,-0.033,0.137,Stem for LO22 (Medium) #127
Q0128,LO09,Medium,1.336,-0.266,0.063,Stem for LO09 (Medium) #128
Q0129,LO30,Medium,1.432,-0.058,0.06,Stem for LO30 (Medium) #129
Q0130,LO18,Medium,0.908,-0.237,0.062,Stem for LO18 (Medium) #130
Q0131,LO30,Hard,0.968,0.842,0.136,Stem for LO30 (Hard) #131
Q0132,LO14,Hard,1.027,1.714,0.183,Stem for LO14 (Hard) #132
Q0133,LO20,Medium,0.783,-0.342,0.135,Stem for LO20 (Medium) #133
Q0134,LO19,Medium,0.614,-0.544,0.093,Stem for LO19 (Medium) #134
Q0135,LO25,Medium,1.033,0.45,0.175,Stem for LO25 (Medium) #135
Q0136,LO04,Hard,0.951,1.838,0.241,Stem for LO04 (Hard) #136
Q0137,LO23,Easy,1.512,-0.82,0.156,Stem for LO23 (Easy) #137
Q0138,LO06,Medium,1.233,-0.324,0.122,Stem for LO06 (Medium) #138
Q0139,LO27,Medium,1.099,0.071,0.112,Stem for LO27 (Medium) #139
Q0140,LO12,Medium,0.678,-0.141,0.146,Stem for LO12 (Medium) #140
Q0141,LO04,Medium,0.655,0.285,0.14,Stem for LO04 (Medium) #141
Q0142,LO14,Easy,1.398,-0.868,0.143,Stem for LO14 (Easy) #142
Q0143,LO25,Medium,0.5,-0.017,0.113,Stem for LO25 (Medium) #143
Q0144,LO06,Easy,1.164,-0.642,0.124,Stem for LO06 (Easy) #144
Q0145,LO09,Easy,1.063,-1.286,0.15,Stem for LO09 (Easy) #145
Q0146,LO19,Hard,0.62,-0.1,0.228,Stem for LO19 (Hard) #146
Q0147,LO20,Hard,0.873,1.432,0.066,Stem for LO20 (Hard) #147
Q0148,LO22,Medium,1.185,0.222,0.164,Stem for LO22 (Medium) #148
Q0149,LO01,Medium,0.651,0.804,0.095,Stem for LO01 (Medium) #149
Q0150,LO06,Hard,0.721,1.607,0.228,Stem for LO06 (Hard) #150
Q0151,LO24,Medium,1.071,-0.042,0.171,Stem for LO24 (Medium) #151
Q0152,LO19,Medium,0.759,0.22,0.084,Stem for LO19 (Medium) #152
Q0153,LO29,Easy,0.783,-1.233,0.131,Stem for LO29 (Easy) #153
Q0154,LO02,Medium,0.781,0.309,0.212,Stem for LO02 (Medium) #154
Q0155,LO26,Easy,0.882,-0.944,0.186,Stem for LO26 (Easy) #155
Q0156,LO30,Easy,0.81,-1.465,0.103,Stem for LO30 (Easy) #156
Q0157,LO25,Medium,0.524,0.01,0.205,Stem for LO25 (Medium) #157
Q0158,LO19,Medium,0.564,-0.505,0.051,Stem for LO19 (Medium) #158
Q0159,LO24,Medium,0.5,0.138,0.092,Stem for LO24 (Medium) #159
Q0160,LO27,Hard,0.789,0.952,0.199,Stem for LO27 (Hard) #160
Q0161,LO16,Medium,1.283,-0.394,0.132,Stem for LO16 (Medium) #161
Q0162,LO14,Hard,0.948,0.708,0.247,Stem for LO14 (Hard) #162
Q0163,LO15,Medium,1.096,0.095,0.099,Stem for LO15 (Medium) #163
Q0164,LO30,Medium,1.34,0.506,0.09,Stem for LO30 (Medium) #164
Q0165,LO22,Easy,1.407,-0.797,0.209,Stem for LO22 (Easy) #165
Q0166,LO07,Hard,1.086,0.899,0.101,Stem for LO07 (Hard) #166
Q0167,LO28,Easy,0.797,-0.787,0.095,Stem for LO28 (Easy) #167
Q0168,LO13,Medium,0.772,0.231,0.178,Stem for LO13 (Medium) #168
Q0169,LO26,Medium,1.353,0.077,0.22,Stem for LO26 (Medium) #169
Q0170,LO08,Easy,1.113,-0.569,0.111,Stem for LO08 (Easy) #170
Q0171,LO26,Medium,1.044,-0.007,0.206,Stem for LO26 (Medium) #171
Q0172,LO05,Medium,1.292,0.003,0.155,Stem for LO05 (Medium) #172
Q0173,LO29,Medium,1.151,-0.966,0.074,Stem for LO29 (Medium) #173
Q0174,LO30,Medium,0.964,0.468,0.129,Stem for LO30 (Medium) #174
Q0175,LO08,Medium,0.848,0.509,0.197,Stem for LO08 (Medium) #175
Q0176,LO09,Medium,0.53,0.155,0.242,Stem for LO09 (Medium) #176
Q0177,LO21,Medium,1.039,0.955,0.12,Stem for LO21 (Medium) #177
Q0178,LO11,Medium,1.357,-0.278,0.132,Stem for LO11 (Medium) #178
Q0179,LO20,Hard,1.085,0.721,0.127,Stem for LO20 (Hard) #179
Q0180,LO19,Hard,1.135,0.909,0.117,Stem for LO19 (Hard) #180
Q0181,LO30,Medium,1.109,-0.29,0.055,Stem for LO30 (Medium) #181
Q0182,LO14,Medium,0.839,0.491,0.061,Stem for LO14 (Medium) #182
Q0183,LO07,Medium,0.839,0.099,0.129,Stem for LO07 (Medium) #183
Q0184,LO13,Easy,0.528,-1.553,0.199,Stem for LO13 (Easy) #184
Q0185,LO29,Hard,0.625,1.164,0.206,Stem for LO29 (Hard) #185
Q0186,LO24,Easy,1.061,-1.451,0.192,Stem for LO24 (Easy) #186
Q0187,LO08,Medium,0.5,0.095,0.145,Stem for LO08 (Medium) #187
Q0188,LO04,Medium,1.307,-0.066,0.212,Stem for LO04 (Medium) #188
Q0189,LO14,Medium,1.192,-0.045,0.244,Stem for LO14 (Medium) #189
Q0190,LO06,Hard,0.841,1.243,0.092,Stem for LO06 (Hard) #190
Q0191,LO28,Easy,0.581,-1.265,0.248,Stem for LO28 (Easy) #191
Q0192,LO03,Easy,0.718,-1.212,0.205,Stem for LO03 (Easy) #192
Q0193,LO03,Medium,0.973,-0.012,0.154,Stem for LO03 (Medium) #193
Q0194,LO29,Medium,1.274,-0.547,0.084,Stem for LO29 (Medium) #194
Q0195,LO22,Medium,1.033,-0.155,0.099,Stem for LO22 (Medium) #195
Q0196,LO24,Medium,1.201,-0.31,0.066,Stem for LO24 (Medium) #196
Q0197,LO26,Medium,0.852,0.357,0.188,Stem for LO26 (Medium) #197
Q0198,LO20,Easy,0.83,-0.56,0.161,Stem for LO20 (Easy) #198
Q0199,LO28,Medium,1.68,-0.412,0.077,Stem for LO28 (Medium) #199
Q0200,LO10,Medium,0.811,-0.423,0.139,Stem for LO10 (Medium) #200
Q0201,LO21,Medium,0.635,0.337,0.138,Stem for LO21 (Medium) #201
Q0202,LO25,Easy,0.907,-1.181,0.202,Stem for LO25 (Easy) #202
Q0203,LO23,Medium,1.512,0.448,0.236,Stem for LO23 (Medium) #203
Q0204,LO28,Medium,0.664,0.585,0.064,Stem for LO28 (Medium) #204
Q0205,LO15,Medium,0.5,-0.393,0.149,Stem for LO15 (Medium) #205
Q0206,LO17,Hard,0.522,1.121,0.093,Stem for LO17 (Hard) #206
Q0207,LO15,Easy,0.998,-0.89,0.204,Stem for LO15 (Easy) #207
Q0208,LO17,Easy,0.902,-1.059,0.238,Stem for LO17 (Easy) #208
Q0209,LO23,Easy,0.988,-0.823,0.178,Stem for LO23 (Easy) #209
Q0210,LO10,Medium,0.5,0.191,0.15,Stem for LO10 (Medium) #210
Q0211,LO13,Medium,1.288,-0.781,0.095,Stem for LO13 (Medium) #211
Q0212,LO22,Easy,1.051,-1.185,0.249,Stem for LO22 (Easy) #212
Q0213,LO09,Hard,1.145,0.896,0.222,Stem for LO09 (Hard) #213
Q0214,LO13,Easy,1.193,-1.352,0.111,Stem for LO13 (Easy) #214
Q0215,LO28,Medium,1.468,-0.35,0.231,Stem for LO28 (Medium) #215
Q0216,LO18,Easy,0.665,-0.834,0.162,Stem for LO18 (Easy) #216
Q0217,LO24,Medium,1.066,-0.103,0.2,Stem for LO24 (Medium) #217
Q0218,LO25,Medium,1.003,0.352,0.22,Stem for LO25 (Medium) #218
Q0219,LO11,Medium,0.5,0.013,0.161,Stem for LO11 (Medium) #219
Q0220,LO06,Medium,0.808,0.093,0.105,Stem for LO06 (Medium) #220
Q0221,LO01,Easy,1.143,-1.277,0.054,Stem for LO01 (Easy) #221
Q0222,LO01,Easy,0.581,-0.738,0.139,Stem for LO01 (Easy) #222
Q0223,LO26,Easy,1.307,-0.884,0.052,Stem for LO26 (Easy) #223
Q0224,LO17,Hard,0.889,1.094,0.091,Stem for LO17 (Hard) #224
Q0225,LO06,Medium,0.815,-0.478,0.241,Stem for LO06 (Medium) #225
Q0226,LO27,Medium,1.543,0.57,0.095,Stem for LO27 (Medium) #226
Q0227,LO15,Easy,1.427,-1.183,0.054,Stem for LO15 (Easy) #227
Q0228,LO10,Medium,0.681,0.08,0.212,Stem for LO10 (Medium) #228
Q0229,LO14,Medium,1.307,-0.313,0.171,Stem for LO14 (Medium) #229
Q0230,LO21,Easy,0.826,-1.62,0.133,Stem for LO21 (Easy) #230
Q0231,LO08,Easy,0.677,-1.222,0.09,Stem for LO08 (Easy) #231
Q0232,LO19,Easy,1.186,-1.464,0.052,Stem for LO19 (Easy) #232
Q0233,LO28,Medium,0.859,0.174,0.244,Stem for LO28 (Medium) #233
Q0234,LO06,Easy,0.5,-0.524,0.173,Stem for LO06 (Easy) #234
Q0235,LO17,Medium,1.308,-0.127,0.198,Stem for LO17 (Medium) #235
Q0236,LO22,Medium,0.5,0.452,0.152,Stem for LO22 (Medium) #236
Q0237,LO03,Medium,0.825,-0.407,0.124,Stem for LO03 (Medium) #237
Q0238,LO30,Easy,0.879,-1.345,0.197,Stem for LO30 (Easy) #238
Q0239,LO06,Easy,1.481,-1.013,0.22,Stem for LO06 (Easy) #239
Q0240,LO24,Medium,0.618,0.038,0.189,Stem for LO24 (Medium) #240
Q0241,LO08,Hard,0.886,0.279,0.185,Stem for LO08 (Hard) #241
Q0242,LO26,Easy,1.6,-0.977,0.107,Stem for LO26 (Easy) #242
Q0243,LO11,Medium,0.804,0.086,0.219,Stem for LO11 (Medium) #243
Q0244,LO02,Hard,0.914,0.766,0.227,Stem for LO02 (Hard) #244
Q0245,LO14,Medium,0.919,-0.094,0.188,Stem for LO14 (Medium) #245
Q0246,LO04,Easy,0.973,-1.172,0.133,Stem for LO04 (Easy) #246
Q0247,LO02,Medium,0.908,0.042,0.173,Stem for LO02 (Medium) #247
Q0248,LO10,Medium,0.5,0.087,0.1,Stem for LO10 (Medium) #248
Q0249,LO12,Medium,1.051,-0.224,0.126,Stem for LO12 (Medium) #249
Q0250,LO26,Medium,0.913,0.079,0.119,Stem for LO26 (Medium) #250
Q0251,LO16,Medium,0.592,0.156,0.238,Stem for LO16 (Medium) #251
Q0252,LO10,Medium,1.026,0.157,0.208,Stem for LO10 (Medium) #252
Q0253,LO01,Medium,0.841,0.886,0.058,Stem for LO01 (Medium) #253
Q0254,LO11,Medium,1.076,-0.562,0.248,Stem for LO11 (Medium) #254
Q0255,LO14,Easy,0.667,-0.524,0.115,Stem for LO14 (Easy) #255
Q0256,LO01,Hard,1.198,0.996,0.239,Stem for LO01 (Hard) #256
Q0257,LO15,Easy,0.992,-1.264,0.135,Stem for LO15 (Easy) #257
Q0258,LO01,Medium,0.763,0.052,0.151,Stem for LO01 (Medium) #258
Q0259,LO28,Hard,0.558,1.226,0.221,Stem for LO28 (Hard) #259
Q0260,LO26,Medium,1.392,-0.197,0.11,Stem for LO26 (Medium) #260
Q0261,LO12,Easy,1.034,-0.705,0.186,Stem for LO12 (Easy) #261
Q0262,LO14,Medium,1.088,0.369,0.12,Stem for LO14 (Medium) #262
Q0263,LO06,Medium,0.771,-0.552,0.221,Stem for LO06 (Medium) #263
Q0264,LO02,Easy,1.031,-1.449,0.058,Stem for LO02 (Easy) #264
Q0265,LO18,Medium,1.348,1.143,0.199,Stem for LO18 (Medium) #265
Q0266,LO11,Hard,0.852,0.276,0.192,Stem for LO11 (Hard) #266
Q0267,LO04,Medium,0.566,0.689,0.083,Stem for LO04 (Medium) #267
Q0268,LO04,Medium,0.948,0.386,0.053,Stem for LO04 (Medium) #268
Q0269,LO16,Hard,0.941,0.863,0.072,Stem for LO16 (Hard) #269
Q0270,LO23,Easy,1.017,-1.514,0.126,Stem for LO23 (Easy) #270
Q0271,LO08,Medium,0.5,-0.366,0.068,Stem for LO08 (Medium) #271
Q0272,LO19,Easy,1.048,-0.591,0.236,Stem for LO19 (Easy) #272
Q0273,LO01,Medium,0.86,-0.252,0.205,Stem for LO01 (Medium) #273
Q0274,LO03,Hard,1.04,1.328,0.203,Stem for LO03 (Hard) #274
Q0275,LO23,Hard,1.261,0.678,0.069,Stem for LO23 (Hard) #275
Q0276,LO28,Medium,0.5,-0.286,0.057,Stem for LO28 (Medium) #276
Q0277,LO30,Medium,0.846,0.56,0.221,Stem for LO30 (Medium) #277
Q0278,LO11,Easy,1.117,-0.801,0.14,Stem for LO11 (Easy) #278
Q0279,LO03,Easy,1.147,-1.104,0.226,Stem for LO03 (Easy) #279
Q0280,LO06,Hard,1.232,1.222,0.151,Stem for LO06 (Hard) #280
Q0281,LO09,Medium,1.02,-0.011,0.08,Stem for LO09 (Medium) #281
Q0282,LO24,Medium,1.127,0.427,0.101,Stem for LO24 (Medium) #282
Q0283,LO11,Hard,0.887,1.13,0.218,Stem for LO11 (Hard) #283
Q0284,LO05,Medium,1.254,0.128,0.167,Stem for LO05 (Medium) #284
Q0285,LO05,Easy,0.9,0.082,0.163,Stem for LO05 (Easy) #285
Q0286,LO12,Easy,0.717,-0.625,0.064,Stem for LO12 (Easy) #286
Q0287,LO22,Medium,0.981,0.293,0.074,Stem for LO22 (Medium) #287
Q0288,LO12,Hard,1.18,1.133,0.168,Stem for LO12 (Hard) #288
Q0289,LO29,Medium,0.777,-0.209,0.071,Stem for LO29 (Medium) #289
Q0290,LO22,Medium,1.39,0.253,0.234,Stem for LO22 (Medium) #290
Q0291,LO30,Easy,1.844,-1.684,0.239,Stem for LO30 (Easy) #291
Q0292,LO11,Medium,0.677,-0.12,0.088,Stem for LO11 (Medium) #292
Q0293,LO10,Hard,1.016,1.192,0.063,Stem for LO10 (Hard) #293
Q0294,LO18,Medium,1.636,0.094,0.069,Stem for LO18 (Medium) #294
Q0295,LO02,Hard,0.5,1.007,0.077,Stem for LO02 (Hard) #295
Q0296,LO26,Medium,1.165,0.29,0.062,Stem for LO26 (Medium) #296
Q0297,LO10,Medium,1.011,0.069,0.089,Stem for LO10 (Medium) #297
Q0298,LO21,Medium,0.935,-0.325,0.157,Stem for LO21 (Medium) #298
Q0299,LO08,Medium,1.027,0.242,0.243,Stem for LO08 (Medium) #299
Q0300,LO09,Hard,1.131,1.244,0.136,Stem for LO09 (Hard) #300
Q0301,LO16,Medium,1.294,0.517,0.069,Stem for LO16 (Medium) #301
Q0302,LO14,Easy,1.003,-1.039,0.195,Stem for LO14 (Easy) #302
Q0303,LO17,Hard,1.028,0.693,0.201,Stem for LO17 (Hard) #303
Q0304,LO18,Hard,1.07,1.06,0.093,Stem for LO18 (Hard) #304
Q0305,LO26,Hard,1.083,1.194,0.088,Stem for LO26 (Hard) #305
Q0306,LO27,Medium,0.723,-0.418,0.228,Stem for LO27 (Medium) #306
Q0307,LO11,Medium,0.729,-0.122,0.244,Stem for LO11 (Medium) #307
Q0308,LO05,Medium,1.283,0.197,0.058,Stem for LO05 (Medium) #308
Q0309,LO22,Medium,0.777,-0.022,0.196,Stem for LO22 (Medium) #309
Q0310,LO30,Medium,1.203,-0.953,0.137,Stem for LO30 (Medium) #310
Q0311,LO29,Medium,1.1,0.099,0.17,Stem for LO29 (Medium) #311
Q0312,LO19,Hard,0.765,1.055,0.086,Stem for LO19 (Hard) #312
Q0313,LO27,Medium,1.237,0.243,0.203,Stem for LO27 (Medium) #313
Q0314,LO25,Hard,1.125,0.564,0.131,Stem for LO25 (Hard) #314
Q0315,LO15,Easy,1.038,-2.226,0.092,Stem for LO15 (Easy) #315
Q0316,LO04,Medium,0.5,0.494,0.125,Stem for LO04 (Medium) #316
Q0317,LO06,Hard,1.083,1.183,0.188,Stem for LO06 (Hard) #317
Q0318,LO07,Medium,1.291,-0.632,0.084,Stem for LO07 (Medium) #318
Q0319,LO27,Easy,1.361,-1.171,0.195,Stem for LO27 (Easy) #319
Q0320,LO01,Hard,0.775,0.797,0.055,Stem for LO01 (Hard) #320
Q0321,LO02,Easy,0.733,-2.105,0.16,Stem for LO02 (Easy) #321
Q0322,LO24,Medium,1.581,0.005,0.248,Stem for LO24 (Medium) #322
Q0323,LO13,Easy,1.248,-0.888,0.146,Stem for LO13 (Easy) #323
Q0324,LO03,Medium,1.11,-0.115,0.134,Stem for LO03 (Medium) #324
Q0325,LO27,Medium,0.919,0.168,0.115,Stem for LO27 (Medium) #325
Q0326,LO21,Easy,0.5,-0.793,0.224,Stem for LO21 (Easy) #326
Q0327,LO10,Medium,1.051,0.4,0.22,Stem for LO10 (Medium) #327
Q0328,LO03,Easy,0.99,-1.197,0.202,Stem for LO03 (Easy) #328
Q0329,LO08,Hard,1.25,1.42,0.064,Stem for LO08 (Hard) #329
Q0330,LO26,Medium,0.5,-0.075,0.169,Stem for LO26 (Medium) #330
Q0331,LO18,Hard,0.947,0.723,0.075,Stem for LO18 (Hard) #331
Q0332,LO12,Medium,1.186,-0.015,0.229,Stem for LO12 (Medium) #332
Q0333,LO17,Hard,0.5,1.06,0.109,Stem for LO17 (Hard) #333
Q0334,LO27,Hard,1.471,0.601,0.133,Stem for LO27 (Hard) #334
Q0335,LO10,Medium,1.76,0.592,0.097,Stem for LO10 (Medium) #335
Q0336,LO30,Easy,1.237,-1.44,0.09,Stem for LO30 (Easy) #336
Q0337,LO16,Medium,1.478,-0.142,0.195,Stem for LO16 (Medium) #337
Q0338,LO04,Medium,1.013,-0.035,0.216,Stem for LO04 (Medium) #338
Q0339,LO03,Medium,0.54,-0.207,0.189,Stem for LO03 (Medium) #339
Q0340,LO06,Medium,1.201,0.449,0.201,Stem for LO06 (Medium) #340
Q0341,LO29,Hard,1.212,0.336,0.158,Stem for LO29 (Hard) #341
Q0342,LO11,Medium,0.867,-0.073,0.167,Stem for LO11 (Medium) #342
Q0343,LO15,Medium,0.866,0.392,0.178,Stem for LO15 (Medium) #343
Q0344,LO09,Medium,1.173,-0.346,0.07,Stem for LO09 (Medium) #344
Q0345,LO24,Easy,0.894,-1.949,0.186,Stem for LO24 (Easy) #345
Q0346,LO10,Medium,0.5,-0.577,0.215,Stem for LO10 (Medium) #346
Q0347,LO03,Medium,0.777,-0.253,0.139,Stem for LO03 (Medium) #347
Q0348,LO26,Medium,0.916,0.62,0.06,Stem for LO26 (Medium) #348
Q0349,LO26,Easy,1.34,-0.157,0.239,Stem for LO26 (Easy) #349
Q0350,LO12,Easy,0.543,-0.589,0.213,Stem for LO12 (Easy) #350
Q0351,LO16,Medium,0.927,-0.383,0.072,Stem for LO16 (Medium) #351
Q0352,LO28,Hard,1.083,1.398,0.235,Stem for LO28 (Hard) #352
Q0353,LO19,Hard,1.171,0.611,0.092,Stem for LO19 (Hard) #353
Q0354,LO23,Medium,0.887,-0.183,0.24,Stem for LO23 (Medium) #354
Q0355,LO25,Hard,0.839,0.839,0.238,Stem for LO25 (Hard) #355
Q0356,LO20,Medium,1.027,0.398,0.134,Stem for LO20 (Medium) #356
Q0357,LO29,Easy,0.5,-1.504,0.217,Stem for LO29 (Easy) #357
Q0358,LO11,Easy,0.789,-1.31,0.083,Stem for LO11 (Easy) #358
Q0359,LO05,Medium,1.199,0.006,0.232,Stem for LO05 (Medium) #359
Q0360,LO14,Hard,1.175,0.637,0.176,Stem for LO14 (Hard) #360
Q0361,LO05,Medium,1.064,0.305,0.053,Stem for LO05 (Medium) #361
Q0362,LO02,Medium,1.065,-0.014,0.052,Stem for LO02 (Medium) #362
Q0363,LO29,Medium,1.032,0.339,0.118,Stem for LO29 (Medium) #363
Q0364,LO25,Medium,0.999,0.326,0.085,Stem for LO25 (Medium) #364
Q0365,LO08,Medium,0.771,0.436,0.15,Stem for LO08 (Medium) #365
Q0366,LO04,Hard,0.836,1.493,0.055,Stem for LO04 (Hard) #366
Q0367,LO20,Easy,1.303,-0.806,0.174,Stem for LO20 (Easy) #367
Q0368,LO19,Medium,1.108,0.362,0.129,Stem for LO19 (Medium) #368
Q0369,LO21,Easy,1.512,-0.914,0.249,Stem for LO21 (Easy) #369
Q0370,LO12,Medium,1.003,0.574,0.159,Stem for LO12 (Medium) #370
Q0371,LO01,Medium,0.935,0.713,0.074,Stem for LO01 (Medium) #371
Q0372,LO05,Easy,0.5,-0.243,0.089,Stem for LO05 (Easy) #372
Q0373,LO28,Easy,0.889,-0.567,0.083,Stem for LO28 (Easy) #373
Q0374,LO07,Medium,1.073,0.058,0.181,Stem for LO07 (Medium) #374
Q0375,LO14,Easy,0.739,-1.346,0.068,Stem for LO14 (Easy) #375
Q0376,LO12,Hard,1.144,1.163,0.183,Stem for LO12 (Hard) #376
Q0377,LO13,Medium,0.986,-0.195,0.079,Stem for LO13 (Medium) #377
Q0378,LO14,Easy,1.15,-1.672,0.227,Stem for LO14 (Easy) #378
Q0379,LO19,Hard,0.5,1.156,0.104,Stem for LO19 (Hard) #379
Q0380,LO05,Easy,1.431,-0.404,0.23,Stem for LO05 (Easy) #380
Q0381,LO15,Hard,1.398,1.673,0.236,Stem for LO15 (Hard) #381
Q0382,LO28,Medium,1.132,-0.724,0.108,Stem for LO28 (Medium) #382
Q0383,LO18,Easy,1.192,-0.411,0.228,Stem for LO18 (Easy) #383
Q0384,LO17,Medium,0.755,-0.386,0.092,Stem for LO17 (Medium) #384
Q0385,LO19,Hard,0.703,1.387,0.202,Stem for LO19 (Hard) #385
Q0386,LO30,Hard,1.298,1.033,0.196,Stem for LO30 (Hard) #386
Q0387,LO18,Medium,1.187,-0.333,0.249,Stem for LO18 (Medium) #387
Q0388,LO06,Hard,0.518,0.671,0.235,Stem for LO06 (Hard) #388
Q0389,LO13,Medium,0.5,0.415,0.095,Stem for LO13 (Medium) #389
Q0390,LO10,Medium,1.061,0.472,0.148,Stem for LO10 (Medium) #390
Q0391,LO26,Hard,0.941,1.331,0.165,Stem for LO26 (Hard) #391
Q0392,LO12,Medium,0.819,-0.157,0.144,Stem for LO12 (Medium) #392
Q0393,LO15,Medium,0.998,0.372,0.214,Stem for LO15 (Medium) #393
Q0394,LO21,Medium,0.795,0.615,0.081,Stem for LO21 (Medium) #394
Q0395,LO23,Medium,0.953,0.541,0.098,Stem for LO23 (Medium) #395
Q0396,LO23,Easy,1.027,-1.394,0.126,Stem for LO23 (Easy) #396
Q0397,LO21,Hard,1.342,1.483,0.056,Stem for LO21 (Hard) #397
Q0398,LO29,Hard,0.824,1.235,0.128,Stem for LO29 (Hard) #398
Q0399,LO12,Hard,0.713,1.579,0.228,Stem for LO12 (Hard) #399
Q0400,LO10,Easy,1.087,-0.043,0.099,Stem for LO10 (Easy) #400
Q0401,LO07,Easy,1.049,-0.485,0.095,Stem for LO07 (Easy) #401
Q0402,LO10,Hard,1.08,0.62,0.152,Stem for LO10 (Hard) #402
Q0403,LO16,Hard,0.698,0.72,0.084,Stem for LO16 (Hard) #403
Q0404,LO08,Medium,1.036,-0.16,0.229,Stem for LO08 (Medium) #404
Q0405,LO23,Easy,0.803,-0.724,0.117,Stem for LO23 (Easy) #405
Q0406,LO17,Medium,0.928,0.146,0.191,Stem for LO17 (Medium) #406
Q0407,LO09,Medium,0.5,0.182,0.085,Stem for LO09 (Medium) #407
Q0408,LO07,Medium,0.793,-0.594,0.087,Stem for LO07 (Medium) #408
Q0409,LO23,Medium,0.928,0.515,0.195,Stem for LO23 (Medium) #409
Q0410,LO16,Easy,0.981,-1.146,0.224,Stem for LO16 (Easy) #410
Q0411,LO26,Medium,1.149,0.058,0.181,Stem for LO26 (Medium) #411
Q0412,LO23,Easy,0.666,-0.666,0.239,Stem for LO23 (Easy) #412
Q0413,LO28,Medium,0.947,0.16,0.248,Stem for LO28 (Medium) #413
Q0414,LO09,Medium,0.985,0.283,0.201,Stem for LO09 (Medium) #414
Q0415,LO05,Medium,0.958,0.027,0.102,Stem for LO05 (Medium) #415
Q0416,LO16,Easy,0.674,-0.93,0.12,Stem for LO16 (Easy) #416
Q0417,LO05,Easy,1.054,-1.234,0.158,Stem for LO05 (Easy) #417
Q0418,LO18,Medium,1.552,-0.506,0.198,Stem for LO18 (Medium) #418
Q0419,LO29,Hard,1.518,0.815,0.175,Stem for LO29 (Hard) #419
Q0420,LO26,Medium,0.929,0.983,0.148,Stem for LO26 (Medium) #420
Q0421,LO11,Easy,1.194,-1.333,0.099,Stem for LO11 (Easy) #421
Q0422,LO20,Medium,1.314,-0.188,0.059,Stem for LO20 (Medium) #422
Q0423,LO10,Hard,0.684,1.157,0.056,Stem for LO10 (Hard) #423
Q0424,LO15,Easy,1.324,-1.479,0.235,Stem for LO15 (Easy) #424
Q0425,LO17,Easy,1.225,-0.651,0.241,Stem for LO17 (Easy) #425
Q0426,LO30,Medium,1.267,-0.217,0.213,Stem for LO30 (Medium) #426
Q0427,LO30,Medium,1.526,0.33,0.143,Stem for LO30 (Medium) #427
Q0428,LO07,Medium,0.927,-0.066,0.104,Stem for LO07 (Medium) #428
Q0429,LO25,Medium,1.167,-0.186,0.137,Stem for LO25 (Medium) #429
Q0430,LO17,Easy,0.802,-0.8,0.097,Stem for LO17 (Easy) #430
Q0431,LO14,Easy,1.028,-0.996,0.126,Stem for LO14 (Easy) #431
Q0432,LO09,Hard,1.444,0.957,0.238,Stem for LO09 (Hard) #432
Q0433,LO13,Medium,1.33,0.27,0.133,Stem for LO13 (Medium) #433
Q0434,LO21,Medium,0.807,-0.104,0.075,Stem for LO21 (Medium) #434
Q0435,LO16,Medium,0.705,-0.342,0.057,Stem for LO16 (Medium) #435
Q0436,LO23,Medium,1.083,-0.55,0.093,Stem for LO23 (Medium) #436
Q0437,LO19,Easy,0.874,-1.214,0.05,Stem for LO19 (Easy) #437
Q0438,LO04,Easy,1.234,-0.699,0.16,Stem for LO04 (Easy) #438
Q0439,LO05,Easy,1.09,-0.73,0.072,Stem for LO05 (Easy) #439
Q0440,LO22,Easy,1.553,-0.23,0.172,Stem for LO22 (Easy) #440
Q0441,LO04,Hard,0.725,1.392,0.091,Stem for LO04 (Hard) #441
Q0442,LO27,Medium,0.968,0.222,0.08,Stem for LO27 (Medium) #442
Q0443,LO19,Hard,1.023,0.933,0.244,Stem for LO19 (Hard) #443
Q0444,LO18,Hard,0.801,0.582,0.08,Stem for LO18 (Hard) #444
Q0445,LO02,Medium,1.236,0.39,0.081,Stem for LO02 (Medium) #445
Q0446,LO25,Hard,1.073,0.671,0.25,Stem for LO25 (Hard) #446
Q0447,LO08,Easy,1.038,-1.136,0.062,Stem for LO08 (Easy) #447
Q0448,LO06,Medium,0.765,1.224,0.189,Stem for LO06 (Medium) #448
Q0449,LO18,Medium,1.153,0.612,0.226,Stem for LO18 (Medium) #449
Q0450,LO28,Medium,0.797,-0.429,0.099,Stem for LO28 (Medium) #450
Q0451,LO21,Easy,0.5,-1.529,0.213,Stem for LO21 (Easy) #451
Q0452,LO30,Easy,1.092,-0.642,0.21,Stem for LO30 (Easy) #452
Q0453,LO06,Hard,0.999,1.121,0.205,Stem for LO06 (Hard) #453
Q0454,LO06,Hard,0.9,0.673,0.081,Stem for LO06 (Hard) #454
Q0455,LO05,Easy,0.801,-1.265,0.07,Stem for LO05 (Easy) #455
Q0456,LO23,Easy,0.741,-0.677,0.107,Stem for LO23 (Easy) #456
Q0457,LO18,Medium,1.306,-0.215,0.18,Stem for LO18 (Medium) #457
Q0458,LO08,Hard,1.006,0.52,0.181,Stem for LO08 (Hard) #458
Q0459,LO04,Medium,1.566,-0.0,0.173,Stem for LO04 (Medium) #459
Q0460,LO25,Easy,1.473,-0.268,0.098,Stem for LO25 (Easy) #460
Q0461,LO09,Easy,0.783,-0.91,0.172,Stem for LO09 (Easy) #461
Q0462,LO19,Hard,1.27,1.32,0.163,Stem for LO19 (Hard) #462
Q0463,LO24,Medium,0.907,-0.298,0.246,Stem for LO24 (Medium) #463
Q0464,LO23,Hard,0.773,-0.096,0.199,Stem for LO23 (Hard) #464
Q0465,LO03,Easy,0.88,-1.3,0.072,Stem for LO03 (Easy) #465
Q0466,LO10,Medium,0.912,-0.053,0.202,Stem for LO10 (Medium) #466
Q0467,LO03,Medium,1.127,0.29,0.24,Stem for LO03 (Medium) #467
Q0468,LO08,Medium,0.912,-1.006,0.145,Stem for LO08 (Medium) #468
Q0469,LO03,Medium,1.159,0.046,0.103,Stem for LO03 (Medium) #469
Q0470,LO26,Medium,0.992,0.122,0.063,Stem for LO26 (Medium) #470
Q0471,LO26,Easy,0.52,-0.436,0.191,Stem for LO26 (Easy) #471
Q0472,LO22,Easy,1.308,-1.021,0.126,Stem for LO22 (Easy) #472
Q0473,LO19,Hard,1.036,1.127,0.2,Stem for LO19 (Hard) #473
Q0474,LO07,Medium,0.962,-0.244,0.1,Stem for LO07 (Medium) #474
Q0475,LO30,Hard,1.464,0.922,0.207,Stem for LO30 (Hard) #475
Q0476,LO19,Medium,1.427,0.084,0.093,Stem for LO19 (Medium) #476
Q0477,LO19,Easy,1.415,-0.744,0.099,Stem for LO19 (Easy) #477
Q0478,LO05,Medium,0.854,-0.307,0.086,Stem for LO05 (Medium) #478
Q0479,LO27,Medium,1.246,-0.134,0.243,Stem for LO27 (Medium) #479
Q0480,LO03,Medium,0.536,-0.106,0.117,Stem for LO03 (Medium) #480
Q0481,LO25,Medium,1.318,-0.108,0.094,Stem for LO25 (Medium) #481
Q0482,LO07,Medium,0.874,0.047,0.113,Stem for LO07 (Medium) #482
Q0483,LO04,Easy,0.811,-0.577,0.234,Stem for LO04 (Easy) #483
Q0484,LO12,Hard,0.5,0.51,0.143,Stem for LO12 (Hard) #484
Q0485,LO27,Easy,0.771,-1.068,0.102,Stem for LO27 (Easy) #485
Q0486,LO05,Hard,0.593,0.664,0.202,Stem for LO05 (Hard) #486
Q0487,LO06,Medium,1.172,-0.492,0.179,Stem for LO06 (Medium) #487
Q0488,LO14,Hard,1.042,0.962,0.192,Stem for LO14 (Hard) #488
Q0489,LO06,Medium,1.378,-0.048,0.082,Stem for LO06 (Medium) #489
Q0490,LO23,Easy,0.888,-0.806,0.116,Stem for LO23 (Easy) #490
Q0491,LO21,Medium,1.427,0.398,0.089,Stem for LO21 (Medium) #491
Q0492,LO09,Easy,0.865,-1.455,0.135,Stem for LO09 (Easy) #492
Q0493,LO17,Hard,0.798,0.874,0.194,Stem for LO17 (Hard) #493
Q0494,LO16,Hard,1.051,0.884,0.125,Stem for LO16 (Hard) #494
Q0495,LO23,Medium,1.131,0.831,0.063,Stem for LO23 (Medium) #495
Q0496,LO09,Medium,0.529,0.308,0.222,Stem for LO09 (Medium) #496
Q0497,LO25,Easy,0.997,-1.69,0.121,Stem for LO25 (Easy) #497
Q0498,LO25,Easy,0.667,-0.908,0.061,Stem for LO25 (Easy) #498
Q0499,LO04,Hard,1.222,0.535,0.243,Stem for LO04 (Hard) #499
Q0500,LO29,Medium,1.371,-0.266,0.069,Stem for LO29 (Medium) #500
Q0501,LO05,Easy,1.548,-1.454,0.247,Stem for LO05 (Easy) #501
Q0502,LO20,Medium,1.177,-0.406,0.058,Stem for LO20 (Medium) #502
Q0503,LO21,Hard,1.316,0.972,0.151,Stem for LO21 (Hard) #503
Q0504,LO19,Easy,0.612,-1.325,0.062,Stem for LO19 (Easy) #504
Q0505,LO29,Easy,1.485,-0.688,0.079,Stem for LO29 (Easy) #505
Q0506,LO18,Easy,0.954,-1.33,0.19,Stem for LO18 (Easy) #506
Q0507,LO09,Medium,1.056,0.275,0.069,Stem for LO09 (Medium) #507
Q0508,LO17,Hard,0.987,1.165,0.233,Stem for LO17 (Hard) #508
Q0509,LO05,Medium,1.201,-0.268,0.051,Stem for LO05 (Medium) #509
Q0510,LO08,Easy,0.663,-0.494,0.19,Stem for LO08 (Easy) #510
Q0511,LO02,Medium,1.592,-0.076,0.2,Stem for LO02 (Medium) #511
Q0512,LO08,Easy,1.077,-1.159,0.105,Stem for LO08 (Easy) #512
Q0513,LO11,Hard,0.966,1.711,0.078,Stem for LO11 (Hard) #513
Q0514,LO24,Medium,1.126,-0.054,0.147,Stem for LO24 (Medium) #514
Q0515,LO25,Medium,1.802,-0.105,0.07,Stem for LO25 (Medium) #515
Q0516,LO16,Easy,1.164,-0.778,0.121,Stem for LO16 (Easy) #516
Q0517,LO05,Medium,1.102,-0.35,0.234,Stem for LO05 (Medium) #517
Q0518,LO24,Easy,1.319,-0.725,0.21,Stem for LO24 (Easy) #518
Q0519,LO09,Hard,1.233,0.295,0.161,Stem for LO09 (Hard) #519
Q0520,LO13,Medium,1.114,-0.395,0.07,Stem for LO13 (Medium) #520
Q0521,LO09,Medium,1.169,0.276,0.066,Stem for LO09 (Medium) #521
Q0522,LO05,Easy,0.893,-1.545,0.096,Stem for LO05 (Easy) #522
Q0523,LO21,Easy,1.026,-1.472,0.078,Stem for LO21 (Easy) #523
Q0524,LO29,Medium,0.938,0.41,0.191,Stem for LO29 (Medium) #524
Q0525,LO29,Hard,1.349,0.878,0.115,Stem for LO29 (Hard) #525
Q0526,LO29,Medium,1.144,0.128,0.069,Stem for LO29 (Medium) #526
Q0527,LO04,Easy,1.012,-1.025,0.134,Stem for LO04 (Easy) #527
Q0528,LO02,Medium,1.14,-0.527,0.166,Stem for LO02 (Medium) #528
Q0529,LO03,Medium,1.301,0.571,0.201,Stem for LO03 (Medium) #529
Q0530,LO29,Medium,1.077,-0.237,0.114,Stem for LO29 (Medium) #530
Q0531,LO15,Easy,1.185,-1.581,0.055,Stem for LO15 (Easy) #531
Q0532,LO15,Easy,1.261,-1.194,0.159,Stem for LO15 (Easy) #532
Q0533,LO18,Medium,1.222,0.364,0.197,Stem for LO18 (Medium) #533
Q0534,LO27,Easy,1.078,-0.897,0.137,Stem for LO27 (Easy) #534
Q0535,LO04,Medium,0.747,-0.54,0.219,Stem for LO04 (Medium) #535
Q0536,LO28,Hard,0.987,0.438,0.239,Stem for LO28 (Hard) #536
Q0537,LO13,Easy,1.103,-1.259,0.123,Stem for LO13 (Easy) #537
Q0538,LO06,Medium,1.032,-0.437,0.154,Stem for LO06 (Medium) #538
Q0539,LO11,Medium,0.853,0.158,0.071,Stem for LO11 (Medium) #539
Q0540,LO21,Medium,0.754,0.433,0.205,Stem for LO21 (Medium) #540
Q0541,LO16,Medium,0.887,-0.767,0.058,Stem for LO16 (Medium) #541
Q0542,LO01,Medium,0.77,-0.16,0.146,Stem for LO01 (Medium) #542
Q0543,LO10,Medium,0.833,0.522,0.119,Stem for LO10 (Medium) #543
Q0544,LO09,Medium,1.322,-0.162,0.189,Stem for LO09 (Medium) #544
Q0545,LO18,Medium,1.083,-0.198,0.229,Stem for LO18 (Medium) #545
Q0546,LO16,Hard,1.133,0.976,0.135,Stem for LO16 (Hard) #546
Q0547,LO02,Easy,1.165,-0.175,0.241,Stem for LO02 (Easy) #547
Q0548,LO01,Hard,1.155,1.194,0.091,Stem for LO01 (Hard) #548
Q0549,LO09,Medium,0.867,-0.202,0.138,Stem for LO09 (Medium) #549
Q0550,LO05,Easy,1.326,-0.655,0.056,Stem for LO05 (Easy) #550
Q0551,LO09,Medium,1.341,0.31,0.072,Stem for LO09 (Medium) #551
Q0552,LO03,Medium,1.234,0.364,0.155,Stem for LO03 (Medium) #552
Q0553,LO21,Hard,1.019,0.73,0.153,Stem for LO21 (Hard) #553
Q0554,LO12,Medium,0.5,-0.159,0.077,Stem for LO12 (Medium) #554
Q0555,LO08,Medium,0.926,0.195,0.096,Stem for LO08 (Medium) #555
Q0556,LO14,Medium,1.229,0.675,0.222,Stem for LO14 (Medium) #556
Q0557,LO19,Medium,0.93,0.103,0.081,Stem for LO19 (Medium) #557
Q0558,LO11,Easy,1.019,-0.832,0.214,Stem for LO11 (Easy) #558
Q0559,LO16,Medium,0.896,-1.082,0.1,Stem for LO16 (Medium) #559
Q0560,LO23,Medium,0.694,0.066,0.051,Stem for LO23 (Medium) #560
Q0561,LO03,Medium,1.065,-0.371,0.058,Stem for LO03 (Medium) #561
Q0562,LO27,Hard,0.915,1.121,0.201,Stem for LO27 (Hard) #562
Q0563,LO11,Medium,0.539,-0.591,0.162,Stem for LO11 (Medium) #563
Q0564,LO20,Easy,1.188,-1.112,0.238,Stem for LO20 (Easy) #564
Q0565,LO01,Hard,1.068,1.13,0.14,Stem for LO01 (Hard) #565
Q0566,LO15,Easy,1.128,-1.009,0.209,Stem for LO15 (Easy) #566
Q0567,LO24,Medium,0.847,-0.429,0.243,Stem for LO24 (Medium) #567
Q0568,LO25,Medium,1.175,0.24,0.161,Stem for LO25 (Medium) #568
Q0569,LO14,Medium,0.5,-0.198,0.236,Stem for LO14 (Medium) #569
Q0570,LO09,Medium,1.316,-0.606,0.163,Stem for LO09 (Medium) #570
Q0571,LO17,Medium,1.501,0.197,0.15,Stem for LO17 (Medium) #571
Q0572,LO09,Easy,0.5,-1.809,0.076,Stem for LO09 (Easy) #572
Q0573,LO18,Hard,0.668,1.026,0.128,Stem for LO18 (Hard) #573
Q0574,LO13,Medium,1.369,0.003,0.179,Stem for LO13 (Medium) #574
Q0575,LO26,Medium,0.706,1.126,0.212,Stem for LO26 (Medium) #575
Q0576,LO19,Easy,1.563,-0.683,0.248,Stem for LO19 (Easy) #576
Q0577,LO21,Hard,0.898,1.043,0.172,Stem for LO21 (Hard) #577
Q0578,LO26,Medium,1.03,-0.114,0.224,Stem for LO26 (Medium) #578
Q0579,LO06,Easy,1.014,-0.974,0.136,Stem for LO06 (Easy) #579
Q0580,LO21,Easy,0.874,-0.609,0.06,Stem for LO21 (Easy) #580
Q0581,LO04,Easy,0.526,-0.718,0.191,Stem for LO04 (Easy) #581
Q0582,LO09,Easy,0.746,-0.905,0.111,Stem for LO09 (Easy) #582
Q0583,LO24,Hard,1.232,1.041,0.095,Stem for LO24 (Hard) #583
Q0584,LO05,Medium,1.147,0.826,0.073,Stem for LO05 (Medium) #584
Q0585,LO10,Hard,1.426,1.375,0.119,Stem for LO10 (Hard) #585
Q0586,LO05,Easy,1.165,-1.524,0.235,Stem for LO05 (Easy) #586
Q0587,LO16,Medium,0.933,0.455,0.151,Stem for LO16 (Medium) #587
Q0588,LO03,Easy,1.292,-0.476,0.222,Stem for LO03 (Easy) #588
Q0589,LO28,Medium,1.22,0.106,0.202,Stem for LO28 (Medium) #589
Q0590,LO30,Medium,0.713,-0.113,0.127,Stem for LO30 (Medium) #590
Q0591,LO05,Hard,0.987,1.401,0.065,Stem for LO05 (Hard) #591
Q0592,LO02,Medium,0.927,0.529,0.233,Stem for LO02 (Medium) #592
Q0593,LO23,Hard,1.048,1.659,0.206,Stem for LO23 (Hard) #593
Q0594,LO12,Hard,0.689,1.204,0.067,Stem for LO12 (Hard) #594
Q0595,LO09,Easy,1.323,-0.857,0.138,Stem for LO09 (Easy) #595
Q0596,LO21,Easy,1.004,-0.737,0.237,Stem for LO21 (Easy) #596
Q0597,LO09,Easy,0.906,-1.634,0.09,Stem for LO09 (Easy) #597
Q0598,LO08,Medium,0.603,-0.616,0.228,Stem for LO08 (Medium) #598
Q0599,LO07,Medium,0.944,0.523,0.082,Stem for LO07 (Medium) #599
Q0600,LO26,Hard,1.281,0.866,0.14,Stem for LO26 (Hard) #600
